ID,Student_ID,Year,Term,Attendance_Rate
ATT001,STD001,SS1,First Term,82.29
ATT002,STD001,SS1,Second Term,92.44
ATT003,STD001,SS1,Third Term,87.7
ATT004,STD001,SS2,First Term,83.43
ATT005,STD001,SS2,Second Term,84.89
ATT006,STD001,SS2,Third Term,83.11
ATT007,STD001,SS3,First Term,90.35
ATT008,STD001,SS3,Second Term,92.28
ATT009,STD001,SS3,Third Term,95.78
ATT010,STD002,SS1,First Term,76.63
ATT011,STD002,SS1,Second Term,98.88
ATT012,STD002,SS1,Third Term,76.46
ATT013,STD002,SS2,First Term,83.58
ATT014,STD002,SS2,Second Term,76.99
ATT015,STD002,SS2,Third Term,93.01
ATT016,STD002,SS3,First Term,85.14
ATT017,STD002,SS3,Second Term,81.33
ATT018,STD002,SS3,Third Term,86.6
ATT019,STD003,SS1,First Term,84.46
ATT020,STD003,SS1,Second Term,77.69
ATT021,STD003,SS1,Third Term,95.58
ATT022,STD003,SS2,First Term,87.7
ATT023,STD003,SS2,Second Term,85.76
ATT024,STD003,SS2,Third Term,93.29
ATT025,STD003,SS3,First Term,79.32
ATT026,STD003,SS3,Second Term,79.69
ATT027,STD003,SS3,Third Term,76.71
ATT028,STD004,SS1,First Term,76.57
ATT029,STD004,SS1,Second Term,91.72
ATT030,STD004,SS1,Third Term,97.22
ATT031,STD004,SS2,First Term,76.11
ATT032,STD004,SS2,Second Term,88.79
ATT033,STD004,SS2,Third Term,79.52
ATT034,STD004,SS3,First Term,96.69
ATT035,STD004,SS3,Second Term,80.25
ATT036,STD004,SS3,Third Term,87.67
ATT037,STD005,SS1,First Term,91.25
ATT038,STD005,SS1,Second Term,82.51
ATT039,STD005,SS1,Third Term,80.7
ATT040,STD005,SS2,First Term,97.64
ATT041,STD005,SS2,Second Term,90.63
ATT042,STD005,SS2,Third Term,89.76
ATT043,STD005,SS3,First Term,80.85
ATT044,STD005,SS3,Second Term,76.15
ATT045,STD005,SS3,Third Term,96.19
ATT046,STD006,SS1,First Term,87.02
ATT047,STD006,SS1,Second Term,75.51
ATT048,STD006,SS1,Third Term,88.3
ATT049,STD006,SS2,First Term,81.25
ATT050,STD006,SS2,Second Term,98.87
ATT051,STD006,SS2,Third Term,86.25
ATT052,STD006,SS3,First Term,81.69
ATT053,STD006,SS3,Second Term,78.29
ATT054,STD006,SS3,Third Term,80.46
ATT055,STD007,SS1,First Term,89.91
ATT056,STD007,SS1,Second Term,88.57
ATT057,STD007,SS1,Third Term,75.09
ATT058,STD007,SS2,First Term,96.68
ATT059,STD007,SS2,Second Term,92.0
ATT060,STD007,SS2,Third Term,84.79
ATT061,STD007,SS3,First Term,93.68
ATT062,STD007,SS3,Second Term,78.73
ATT063,STD007,SS3,Third Term,90.78
ATT064,STD008,SS1,First Term,77.83
ATT065,STD008,SS1,Second Term,80.13
ATT066,STD008,SS1,Third Term,86.82
ATT067,STD008,SS2,First Term,85.74
ATT068,STD008,SS2,Second Term,97.87
ATT069,STD008,SS2,Third Term,99.38
ATT070,STD008,SS3,First Term,93.72
ATT071,STD008,SS3,Second Term,80.37
ATT072,STD008,SS3,Third Term,99.38
ATT073,STD009,SS1,First Term,95.59
ATT074,STD009,SS1,Second Term,96.78
ATT075,STD009,SS1,Third Term,92.86
ATT076,STD009,SS2,First Term,95.68
ATT077,STD009,SS2,Second Term,96.73
ATT078,STD009,SS2,Third Term,92.67
ATT079,STD009,SS3,First Term,94.67
ATT080,STD009,SS3,Second Term,82.08
ATT081,STD009,SS3,Third Term,92.68
ATT082,STD010,SS1,First Term,92.75
ATT083,STD010,SS1,Second Term,85.47
ATT084,STD010,SS1,Third Term,94.23
ATT085,STD010,SS2,First Term,94.17
ATT086,STD010,SS2,Second Term,98.4
ATT087,STD010,SS2,Third Term,97.44
ATT088,STD010,SS3,First Term,89.62
ATT089,STD010,SS3,Second Term,76.22
ATT090,STD010,SS3,Third Term,82.32
ATT091,STD011,SS1,First Term,84.69
ATT092,STD011,SS1,Second Term,77.01
ATT093,STD011,SS1,Third Term,94.3
ATT094,STD011,SS2,First Term,88.45
ATT095,STD011,SS2,Second Term,83.34
ATT096,STD011,SS2,Third Term,99.96
ATT097,STD011,SS3,First Term,99.37
ATT098,STD011,SS3,Second Term,83.8
ATT099,STD011,SS3,Third Term,89.46
ATT100,STD012,SS1,First Term,97.34
ATT101,STD012,SS1,Second Term,82.21
ATT102,STD012,SS1,Third Term,85.8
ATT103,STD012,SS2,First Term,75.06
ATT104,STD012,SS2,Second Term,92.69
ATT105,STD012,SS2,Third Term,88.5
ATT106,STD012,SS3,First Term,84.93
ATT107,STD012,SS3,Second Term,90.74
ATT108,STD012,SS3,Third Term,84.67
ATT109,STD013,SS1,First Term,95.64
ATT110,STD013,SS1,Second Term,99.81
ATT111,STD013,SS1,Third Term,91.01
ATT112,STD013,SS2,First Term,82.91
ATT113,STD013,SS2,Second Term,80.03
ATT114,STD013,SS2,Third Term,88.73
ATT115,STD013,SS3,First Term,88.4
ATT116,STD013,SS3,Second Term,79.0
ATT117,STD013,SS3,Third Term,77.03
ATT118,STD014,SS1,First Term,77.71
ATT119,STD014,SS1,Second Term,93.99
ATT120,STD014,SS1,Third Term,75.89
ATT121,STD014,SS2,First Term,77.78
ATT122,STD014,SS2,Second Term,85.84
ATT123,STD014,SS2,Third Term,87.16
ATT124,STD014,SS3,First Term,81.35
ATT125,STD014,SS3,Second Term,86.64
ATT126,STD014,SS3,Third Term,91.29
ATT127,STD015,SS1,First Term,83.76
ATT128,STD015,SS1,Second Term,88.0
ATT129,STD015,SS1,Third Term,90.48
ATT130,STD015,SS2,First Term,95.58
ATT131,STD015,SS2,Second Term,90.25
ATT132,STD015,SS2,Third Term,91.67
ATT133,STD015,SS3,First Term,98.03
ATT134,STD015,SS3,Second Term,81.19
ATT135,STD015,SS3,Third Term,78.16
ATT136,STD016,SS1,First Term,91.8
ATT137,STD016,SS1,Second Term,77.77
ATT138,STD016,SS1,Third Term,91.41
ATT139,STD016,SS2,First Term,84.71
ATT140,STD016,SS2,Second Term,79.7
ATT141,STD016,SS2,Third Term,85.15
ATT142,STD016,SS3,First Term,93.55
ATT143,STD016,SS3,Second Term,79.0
ATT144,STD016,SS3,Third Term,93.98
ATT145,STD017,SS1,First Term,89.75
ATT146,STD017,SS1,Second Term,84.29
ATT147,STD017,SS1,Third Term,94.26
ATT148,STD017,SS2,First Term,85.77
ATT149,STD017,SS2,Second Term,83.54
ATT150,STD017,SS2,Third Term,86.79
ATT151,STD017,SS3,First Term,75.16
ATT152,STD017,SS3,Second Term,97.21
ATT153,STD017,SS3,Third Term,97.41
ATT154,STD018,SS1,First Term,89.93
ATT155,STD018,SS1,Second Term,77.6
ATT156,STD018,SS1,Third Term,86.28
ATT157,STD018,SS2,First Term,97.76
ATT158,STD018,SS2,Second Term,86.77
ATT159,STD018,SS2,Third Term,78.3
ATT160,STD018,SS3,First Term,80.01
ATT161,STD018,SS3,Second Term,78.2
ATT162,STD018,SS3,Third Term,78.9
ATT163,STD019,SS1,First Term,77.16
ATT164,STD019,SS1,Second Term,80.42
ATT165,STD019,SS1,Third Term,80.46
ATT166,STD019,SS2,First Term,77.44
ATT167,STD019,SS2,Second Term,76.74
ATT168,STD019,SS2,Third Term,95.06
ATT169,STD019,SS3,First Term,84.48
ATT170,STD019,SS3,Second Term,76.43
ATT171,STD019,SS3,Third Term,79.45
ATT172,STD020,SS1,First Term,75.11
ATT173,STD020,SS1,Second Term,91.42
ATT174,STD020,SS1,Third Term,92.89
ATT175,STD020,SS2,First Term,99.17
ATT176,STD020,SS2,Second Term,90.99
ATT177,STD020,SS2,Third Term,91.68
ATT178,STD020,SS3,First Term,91.65
ATT179,STD020,SS3,Second Term,92.89
ATT180,STD020,SS3,Third Term,99.23
ATT181,STD021,SS1,First Term,78.49
ATT182,STD021,SS1,Second Term,95.39
ATT183,STD021,SS1,Third Term,77.51
ATT184,STD021,SS2,First Term,77.67
ATT185,STD021,SS2,Second Term,84.89
ATT186,STD021,SS2,Third Term,76.61
ATT187,STD021,SS3,First Term,76.76
ATT188,STD021,SS3,Second Term,78.16
ATT189,STD021,SS3,Third Term,79.79
ATT190,STD022,SS1,First Term,75.62
ATT191,STD022,SS1,Second Term,80.93
ATT192,STD022,SS1,Third Term,78.04
ATT193,STD022,SS2,First Term,90.78
ATT194,STD022,SS2,Second Term,99.45
ATT195,STD022,SS2,Third Term,76.94
ATT196,STD022,SS3,First Term,79.14
ATT197,STD022,SS3,Second Term,85.69
ATT198,STD022,SS3,Third Term,76.55
ATT199,STD023,SS1,First Term,84.96
ATT200,STD023,SS1,Second Term,76.15
ATT201,STD023,SS1,Third Term,78.96
ATT202,STD023,SS2,First Term,78.72
ATT203,STD023,SS2,Second Term,75.74
ATT204,STD023,SS2,Third Term,86.03
ATT205,STD023,SS3,First Term,85.33
ATT206,STD023,SS3,Second Term,79.05
ATT207,STD023,SS3,Third Term,81.26
ATT208,STD024,SS1,First Term,83.23
ATT209,STD024,SS1,Second Term,80.84
ATT210,STD024,SS1,Third Term,99.85
ATT211,STD024,SS2,First Term,89.08
ATT212,STD024,SS2,Second Term,91.54
ATT213,STD024,SS2,Third Term,91.5
ATT214,STD024,SS3,First Term,78.3
ATT215,STD024,SS3,Second Term,89.84
ATT216,STD024,SS3,Third Term,84.6
ATT217,STD025,SS1,First Term,96.32
ATT218,STD025,SS1,Second Term,90.73
ATT219,STD025,SS1,Third Term,82.96
ATT220,STD025,SS2,First Term,84.95
ATT221,STD025,SS2,Second Term,81.5
ATT222,STD025,SS2,Third Term,86.12
ATT223,STD025,SS3,First Term,88.9
ATT224,STD025,SS3,Second Term,88.73
ATT225,STD025,SS3,Third Term,83.01
ATT226,STD026,SS1,First Term,82.15
ATT227,STD026,SS1,Second Term,79.89
ATT228,STD026,SS1,Third Term,80.69
ATT229,STD026,SS2,First Term,89.02
ATT230,STD026,SS2,Second Term,99.18
ATT231,STD026,SS2,Third Term,87.05
ATT232,STD026,SS3,First Term,75.13
ATT233,STD026,SS3,Second Term,85.42
ATT234,STD026,SS3,Third Term,75.76
ATT235,STD027,SS1,First Term,98.04
ATT236,STD027,SS1,Second Term,92.9
ATT237,STD027,SS1,Third Term,78.39
ATT238,STD027,SS2,First Term,76.18
ATT239,STD027,SS2,Second Term,81.12
ATT240,STD027,SS2,Third Term,81.31
ATT241,STD027,SS3,First Term,79.74
ATT242,STD027,SS3,Second Term,77.9
ATT243,STD027,SS3,Third Term,84.61
ATT244,STD028,SS1,First Term,76.91
ATT245,STD028,SS1,Second Term,94.93
ATT246,STD028,SS1,Third Term,89.42
ATT247,STD028,SS2,First Term,90.39
ATT248,STD028,SS2,Second Term,92.18
ATT249,STD028,SS2,Third Term,77.41
ATT250,STD028,SS3,First Term,82.76
ATT251,STD028,SS3,Second Term,82.09
ATT252,STD028,SS3,Third Term,83.98
ATT253,STD029,SS1,First Term,89.67
ATT254,STD029,SS1,Second Term,96.86
ATT255,STD029,SS1,Third Term,86.23
ATT256,STD029,SS2,First Term,93.3
ATT257,STD029,SS2,Second Term,84.86
ATT258,STD029,SS2,Third Term,79.6
ATT259,STD029,SS3,First Term,76.73
ATT260,STD029,SS3,Second Term,80.41
ATT261,STD029,SS3,Third Term,82.91
ATT262,STD030,SS1,First Term,88.84
ATT263,STD030,SS1,Second Term,82.37
ATT264,STD030,SS1,Third Term,89.99
ATT265,STD030,SS2,First Term,85.82
ATT266,STD030,SS2,Second Term,83.22
ATT267,STD030,SS2,Third Term,81.14
ATT268,STD030,SS3,First Term,79.41
ATT269,STD030,SS3,Second Term,76.59
ATT270,STD030,SS3,Third Term,95.05
ATT271,STD031,SS1,First Term,92.09
ATT272,STD031,SS1,Second Term,83.67
ATT273,STD031,SS1,Third Term,91.13
ATT274,STD031,SS2,First Term,84.54
ATT275,STD031,SS2,Second Term,85.98
ATT276,STD031,SS2,Third Term,80.27
ATT277,STD031,SS3,First Term,98.83
ATT278,STD031,SS3,Second Term,84.59
ATT279,STD031,SS3,Third Term,93.03
ATT280,STD032,SS1,First Term,95.35
ATT281,STD032,SS1,Second Term,91.57
ATT282,STD032,SS1,Third Term,97.21
ATT283,STD032,SS2,First Term,77.62
ATT284,STD032,SS2,Second Term,95.4
ATT285,STD032,SS2,Third Term,86.68
ATT286,STD032,SS3,First Term,91.87
ATT287,STD032,SS3,Second Term,94.07
ATT288,STD032,SS3,Third Term,88.46
ATT289,STD033,SS1,First Term,77.85
ATT290,STD033,SS1,Second Term,89.31
ATT291,STD033,SS1,Third Term,91.24
ATT292,STD033,SS2,First Term,93.7
ATT293,STD033,SS2,Second Term,84.85
ATT294,STD033,SS2,Third Term,76.35
ATT295,STD033,SS3,First Term,81.87
ATT296,STD033,SS3,Second Term,93.32
ATT297,STD033,SS3,Third Term,78.87
ATT298,STD034,SS1,First Term,98.68
ATT299,STD034,SS1,Second Term,87.16
ATT300,STD034,SS1,Third Term,89.45
ATT301,STD034,SS2,First Term,86.28
ATT302,STD034,SS2,Second Term,79.99
ATT303,STD034,SS2,Third Term,83.28
ATT304,STD034,SS3,First Term,75.1
ATT305,STD034,SS3,Second Term,91.49
ATT306,STD034,SS3,Third Term,76.68
ATT307,STD035,SS1,First Term,76.08
ATT308,STD035,SS1,Second Term,77.14
ATT309,STD035,SS1,Third Term,88.09
ATT310,STD035,SS2,First Term,95.85
ATT311,STD035,SS2,Second Term,89.96
ATT312,STD035,SS2,Third Term,79.31
ATT313,STD035,SS3,First Term,99.31
ATT314,STD035,SS3,Second Term,96.81
ATT315,STD035,SS3,Third Term,78.07
ATT316,STD036,SS1,First Term,83.11
ATT317,STD036,SS1,Second Term,94.32
ATT318,STD036,SS1,Third Term,98.23
ATT319,STD036,SS2,First Term,79.65
ATT320,STD036,SS2,Second Term,93.29
ATT321,STD036,SS2,Third Term,83.7
ATT322,STD036,SS3,First Term,75.36
ATT323,STD036,SS3,Second Term,94.99
ATT324,STD036,SS3,Third Term,86.39
ATT325,STD037,SS1,First Term,81.06
ATT326,STD037,SS1,Second Term,88.59
ATT327,STD037,SS1,Third Term,91.55
ATT328,STD037,SS2,First Term,92.58
ATT329,STD037,SS2,Second Term,77.62
ATT330,STD037,SS2,Third Term,89.46
ATT331,STD037,SS3,First Term,83.07
ATT332,STD037,SS3,Second Term,99.14
ATT333,STD037,SS3,Third Term,77.11
ATT334,STD038,SS1,First Term,85.88
ATT335,STD038,SS1,Second Term,77.91
ATT336,STD038,SS1,Third Term,85.99
ATT337,STD038,SS2,First Term,83.62
ATT338,STD038,SS2,Second Term,83.54
ATT339,STD038,SS2,Third Term,96.56
ATT340,STD038,SS3,First Term,75.07
ATT341,STD038,SS3,Second Term,82.5
ATT342,STD038,SS3,Third Term,82.1
ATT343,STD039,SS1,First Term,88.41
ATT344,STD039,SS1,Second Term,83.45
ATT345,STD039,SS1,Third Term,88.02
ATT346,STD039,SS2,First Term,95.31
ATT347,STD039,SS2,Second Term,86.35
ATT348,STD039,SS2,Third Term,90.78
ATT349,STD039,SS3,First Term,94.63
ATT350,STD039,SS3,Second Term,86.71
ATT351,STD039,SS3,Third Term,75.44
ATT352,STD040,SS1,First Term,92.52
ATT353,STD040,SS1,Second Term,89.74
ATT354,STD040,SS1,Third Term,94.89
ATT355,STD040,SS2,First Term,82.32
ATT356,STD040,SS2,Second Term,79.6
ATT357,STD040,SS2,Third Term,98.68
ATT358,STD040,SS3,First Term,91.48
ATT359,STD040,SS3,Second Term,83.85
ATT360,STD040,SS3,Third Term,91.51
ATT361,STD041,SS1,First Term,88.91
ATT362,STD041,SS1,Second Term,93.13
ATT363,STD041,SS1,Third Term,91.67
ATT364,STD041,SS2,First Term,91.75
ATT365,STD041,SS2,Second Term,80.22
ATT366,STD041,SS2,Third Term,85.73
ATT367,STD041,SS3,First Term,99.06
ATT368,STD041,SS3,Second Term,80.3
ATT369,STD041,SS3,Third Term,93.3
ATT370,STD042,SS1,First Term,82.44
ATT371,STD042,SS1,Second Term,83.64
ATT372,STD042,SS1,Third Term,96.36
ATT373,STD042,SS2,First Term,79.45
ATT374,STD042,SS2,Second Term,85.61
ATT375,STD042,SS2,Third Term,85.46
ATT376,STD042,SS3,First Term,92.08
ATT377,STD042,SS3,Second Term,79.71
ATT378,STD042,SS3,Third Term,80.85
ATT379,STD043,SS1,First Term,97.89
ATT380,STD043,SS1,Second Term,98.22
ATT381,STD043,SS1,Third Term,80.38
ATT382,STD043,SS2,First Term,82.44
ATT383,STD043,SS2,Second Term,94.52
ATT384,STD043,SS2,Third Term,80.39
ATT385,STD043,SS3,First Term,81.1
ATT386,STD043,SS3,Second Term,77.12
ATT387,STD043,SS3,Third Term,84.29
ATT388,STD044,SS1,First Term,79.52
ATT389,STD044,SS1,Second Term,76.81
ATT390,STD044,SS1,Third Term,84.42
ATT391,STD044,SS2,First Term,87.98
ATT392,STD044,SS2,Second Term,89.63
ATT393,STD044,SS2,Third Term,87.27
ATT394,STD044,SS3,First Term,87.73
ATT395,STD044,SS3,Second Term,99.34
ATT396,STD044,SS3,Third Term,96.41
ATT397,STD045,SS1,First Term,94.08
ATT398,STD045,SS1,Second Term,89.26
ATT399,STD045,SS1,Third Term,92.3
ATT400,STD045,SS2,First Term,85.2
ATT401,STD045,SS2,Second Term,82.93
ATT402,STD045,SS2,Third Term,86.04
ATT403,STD045,SS3,First Term,98.2
ATT404,STD045,SS3,Second Term,75.34
ATT405,STD045,SS3,Third Term,94.88
ATT406,STD046,SS1,First Term,79.02
ATT407,STD046,SS1,Second Term,89.14
ATT408,STD046,SS1,Third Term,94.02
ATT409,STD046,SS2,First Term,97.5
ATT410,STD046,SS2,Second Term,75.74
ATT411,STD046,SS2,Third Term,81.31
ATT412,STD046,SS3,First Term,81.43
ATT413,STD046,SS3,Second Term,85.35
ATT414,STD046,SS3,Third Term,84.68
ATT415,STD047,SS1,First Term,78.88
ATT416,STD047,SS1,Second Term,78.17
ATT417,STD047,SS1,Third Term,80.45
ATT418,STD047,SS2,First Term,91.94
ATT419,STD047,SS2,Second Term,93.13
ATT420,STD047,SS2,Third Term,78.63
ATT421,STD047,SS3,First Term,78.83
ATT422,STD047,SS3,Second Term,99.81
ATT423,STD047,SS3,Third Term,99.0
ATT424,STD048,SS1,First Term,78.12
ATT425,STD048,SS1,Second Term,75.59
ATT426,STD048,SS1,Third Term,79.71
ATT427,STD048,SS2,First Term,94.65
ATT428,STD048,SS2,Second Term,93.17
ATT429,STD048,SS2,Third Term,89.27
ATT430,STD048,SS3,First Term,88.12
ATT431,STD048,SS3,Second Term,83.16
ATT432,STD048,SS3,Third Term,77.03
ATT433,STD049,SS1,First Term,75.06
ATT434,STD049,SS1,Second Term,94.27
ATT435,STD049,SS1,Third Term,90.68
ATT436,STD049,SS2,First Term,78.25
ATT437,STD049,SS2,Second Term,86.53
ATT438,STD049,SS2,Third Term,90.7
ATT439,STD049,SS3,First Term,93.49
ATT440,STD049,SS3,Second Term,91.33
ATT441,STD049,SS3,Third Term,99.66
ATT442,STD050,SS1,First Term,75.05
ATT443,STD050,SS1,Second Term,82.56
ATT444,STD050,SS1,Third Term,97.3
ATT445,STD050,SS2,First Term,93.51
ATT446,STD050,SS2,Second Term,97.81
ATT447,STD050,SS2,Third Term,97.83
ATT448,STD050,SS3,First Term,92.24
ATT449,STD050,SS3,Second Term,92.49
ATT450,STD050,SS3,Third Term,86.06
ATT451,STD051,SS1,First Term,90.05
ATT452,STD051,SS1,Second Term,85.91
ATT453,STD051,SS1,Third Term,86.22
ATT454,STD051,SS2,First Term,76.78
ATT455,STD051,SS2,Second Term,79.12
ATT456,STD051,SS2,Third Term,83.02
ATT457,STD051,SS3,First Term,82.04
ATT458,STD051,SS3,Second Term,79.89
ATT459,STD051,SS3,Third Term,86.5
ATT460,STD052,SS1,First Term,83.53
ATT461,STD052,SS1,Second Term,96.91
ATT462,STD052,SS1,Third Term,81.72
ATT463,STD052,SS2,First Term,93.4
ATT464,STD052,SS2,Second Term,93.9
ATT465,STD052,SS2,Third Term,95.98
ATT466,STD052,SS3,First Term,75.82
ATT467,STD052,SS3,Second Term,79.86
ATT468,STD052,SS3,Third Term,81.22
ATT469,STD053,SS1,First Term,79.26
ATT470,STD053,SS1,Second Term,83.22
ATT471,STD053,SS1,Third Term,88.25
ATT472,STD053,SS2,First Term,95.84
ATT473,STD053,SS2,Second Term,92.74
ATT474,STD053,SS2,Third Term,87.67
ATT475,STD053,SS3,First Term,85.64
ATT476,STD053,SS3,Second Term,90.92
ATT477,STD053,SS3,Third Term,86.11
ATT478,STD054,SS1,First Term,83.97
ATT479,STD054,SS1,Second Term,87.75
ATT480,STD054,SS1,Third Term,98.51
ATT481,STD054,SS2,First Term,76.07
ATT482,STD054,SS2,Second Term,99.81
ATT483,STD054,SS2,Third Term,80.17
ATT484,STD054,SS3,First Term,84.73
ATT485,STD054,SS3,Second Term,91.11
ATT486,STD054,SS3,Third Term,80.31
ATT487,STD055,SS1,First Term,80.45
ATT488,STD055,SS1,Second Term,95.9
ATT489,STD055,SS1,Third Term,86.86
ATT490,STD055,SS2,First Term,75.46
ATT491,STD055,SS2,Second Term,90.29
ATT492,STD055,SS2,Third Term,76.17
ATT493,STD055,SS3,First Term,93.7
ATT494,STD055,SS3,Second Term,75.5
ATT495,STD055,SS3,Third Term,76.94
ATT496,STD056,SS1,First Term,78.83
ATT497,STD056,SS1,Second Term,96.01
ATT498,STD056,SS1,Third Term,90.34
ATT499,STD056,SS2,First Term,84.05
ATT500,STD056,SS2,Second Term,83.22
ATT501,STD056,SS2,Third Term,77.05
ATT502,STD056,SS3,First Term,83.97
ATT503,STD056,SS3,Second Term,91.38
ATT504,STD056,SS3,Third Term,75.7
ATT505,STD057,SS1,First Term,77.2
ATT506,STD057,SS1,Second Term,92.42
ATT507,STD057,SS1,Third Term,92.51
ATT508,STD057,SS2,First Term,75.76
ATT509,STD057,SS2,Second Term,87.35
ATT510,STD057,SS2,Third Term,92.83
ATT511,STD057,SS3,First Term,93.85
ATT512,STD057,SS3,Second Term,80.75
ATT513,STD057,SS3,Third Term,82.4
ATT514,STD058,SS1,First Term,81.25
ATT515,STD058,SS1,Second Term,89.84
ATT516,STD058,SS1,Third Term,89.1
ATT517,STD058,SS2,First Term,82.15
ATT518,STD058,SS2,Second Term,97.94
ATT519,STD058,SS2,Third Term,78.78
ATT520,STD058,SS3,First Term,84.91
ATT521,STD058,SS3,Second Term,77.87
ATT522,STD058,SS3,Third Term,95.21
ATT523,STD059,SS1,First Term,95.14
ATT524,STD059,SS1,Second Term,83.16
ATT525,STD059,SS1,Third Term,97.63
ATT526,STD059,SS2,First Term,80.05
ATT527,STD059,SS2,Second Term,96.71
ATT528,STD059,SS2,Third Term,92.44
ATT529,STD059,SS3,First Term,92.06
ATT530,STD059,SS3,Second Term,87.04
ATT531,STD059,SS3,Third Term,79.08
ATT532,STD060,SS1,First Term,75.67
ATT533,STD060,SS1,Second Term,84.72
ATT534,STD060,SS1,Third Term,82.59
ATT535,STD060,SS2,First Term,80.62
ATT536,STD060,SS2,Second Term,99.38
ATT537,STD060,SS2,Third Term,87.62
ATT538,STD060,SS3,First Term,98.91
ATT539,STD060,SS3,Second Term,84.64
ATT540,STD060,SS3,Third Term,80.5
ATT541,STD061,SS1,First Term,87.14
ATT542,STD061,SS1,Second Term,94.39
ATT543,STD061,SS1,Third Term,83.49
ATT544,STD061,SS2,First Term,97.92
ATT545,STD061,SS2,Second Term,98.57
ATT546,STD061,SS2,Third Term,77.77
ATT547,STD061,SS3,First Term,88.71
ATT548,STD061,SS3,Second Term,87.86
ATT549,STD061,SS3,Third Term,95.21
ATT550,STD062,SS1,First Term,86.37
ATT551,STD062,SS1,Second Term,75.86
ATT552,STD062,SS1,Third Term,75.13
ATT553,STD062,SS2,First Term,93.49
ATT554,STD062,SS2,Second Term,85.0
ATT555,STD062,SS2,Third Term,88.71
ATT556,STD062,SS3,First Term,94.06
ATT557,STD062,SS3,Second Term,88.57
ATT558,STD062,SS3,Third Term,90.73
ATT559,STD063,SS1,First Term,90.81
ATT560,STD063,SS1,Second Term,80.95
ATT561,STD063,SS1,Third Term,82.25
ATT562,STD063,SS2,First Term,80.85
ATT563,STD063,SS2,Second Term,75.54
ATT564,STD063,SS2,Third Term,94.7
ATT565,STD063,SS3,First Term,86.52
ATT566,STD063,SS3,Second Term,83.18
ATT567,STD063,SS3,Third Term,93.65
ATT568,STD064,SS1,First Term,87.78
ATT569,STD064,SS1,Second Term,87.33
ATT570,STD064,SS1,Third Term,99.19
ATT571,STD064,SS2,First Term,91.41
ATT572,STD064,SS2,Second Term,84.07
ATT573,STD064,SS2,Third Term,85.67
ATT574,STD064,SS3,First Term,86.66
ATT575,STD064,SS3,Second Term,80.28
ATT576,STD064,SS3,Third Term,88.32
ATT577,STD065,SS1,First Term,91.93
ATT578,STD065,SS1,Second Term,81.29
ATT579,STD065,SS1,Third Term,84.88
ATT580,STD065,SS2,First Term,79.01
ATT581,STD065,SS2,Second Term,79.7
ATT582,STD065,SS2,Third Term,86.55
ATT583,STD065,SS3,First Term,75.23
ATT584,STD065,SS3,Second Term,90.91
ATT585,STD065,SS3,Third Term,96.66
ATT586,STD066,SS1,First Term,95.75
ATT587,STD066,SS1,Second Term,77.18
ATT588,STD066,SS1,Third Term,91.07
ATT589,STD066,SS2,First Term,95.93
ATT590,STD066,SS2,Second Term,85.5
ATT591,STD066,SS2,Third Term,95.61
ATT592,STD066,SS3,First Term,90.34
ATT593,STD066,SS3,Second Term,83.24
ATT594,STD066,SS3,Third Term,99.11
ATT595,STD067,SS1,First Term,95.96
ATT596,STD067,SS1,Second Term,89.53
ATT597,STD067,SS1,Third Term,86.26
ATT598,STD067,SS2,First Term,86.75
ATT599,STD067,SS2,Second Term,94.48
ATT600,STD067,SS2,Third Term,75.68
ATT601,STD067,SS3,First Term,92.65
ATT602,STD067,SS3,Second Term,82.39
ATT603,STD067,SS3,Third Term,89.87
ATT604,STD068,SS1,First Term,93.91
ATT605,STD068,SS1,Second Term,89.44
ATT606,STD068,SS1,Third Term,88.23
ATT607,STD068,SS2,First Term,90.56
ATT608,STD068,SS2,Second Term,86.49
ATT609,STD068,SS2,Third Term,91.98
ATT610,STD068,SS3,First Term,95.51
ATT611,STD068,SS3,Second Term,99.02
ATT612,STD068,SS3,Third Term,96.78
ATT613,STD069,SS1,First Term,93.34
ATT614,STD069,SS1,Second Term,75.1
ATT615,STD069,SS1,Third Term,89.4
ATT616,STD069,SS2,First Term,88.16
ATT617,STD069,SS2,Second Term,87.71
ATT618,STD069,SS2,Third Term,92.17
ATT619,STD069,SS3,First Term,80.69
ATT620,STD069,SS3,Second Term,77.68
ATT621,STD069,SS3,Third Term,95.48
ATT622,STD070,SS1,First Term,86.45
ATT623,STD070,SS1,Second Term,96.21
ATT624,STD070,SS1,Third Term,85.57
ATT625,STD070,SS2,First Term,83.48
ATT626,STD070,SS2,Second Term,80.77
ATT627,STD070,SS2,Third Term,79.67
ATT628,STD070,SS3,First Term,86.11
ATT629,STD070,SS3,Second Term,97.05
ATT630,STD070,SS3,Third Term,87.61
ATT631,STD071,SS1,First Term,83.03
ATT632,STD071,SS1,Second Term,89.15
ATT633,STD071,SS1,Third Term,95.07
ATT634,STD071,SS2,First Term,79.44
ATT635,STD071,SS2,Second Term,86.27
ATT636,STD071,SS2,Third Term,99.51
ATT637,STD071,SS3,First Term,87.99
ATT638,STD071,SS3,Second Term,85.02
ATT639,STD071,SS3,Third Term,98.45
ATT640,STD072,SS1,First Term,82.15
ATT641,STD072,SS1,Second Term,94.31
ATT642,STD072,SS1,Third Term,90.07
ATT643,STD072,SS2,First Term,92.08
ATT644,STD072,SS2,Second Term,87.17
ATT645,STD072,SS2,Third Term,99.14
ATT646,STD072,SS3,First Term,82.74
ATT647,STD072,SS3,Second Term,93.62
ATT648,STD072,SS3,Third Term,92.34
ATT649,STD073,SS1,First Term,79.61
ATT650,STD073,SS1,Second Term,84.75
ATT651,STD073,SS1,Third Term,80.09
ATT652,STD073,SS2,First Term,96.24
ATT653,STD073,SS2,Second Term,93.37
ATT654,STD073,SS2,Third Term,98.72
ATT655,STD073,SS3,First Term,76.2
ATT656,STD073,SS3,Second Term,79.89
ATT657,STD073,SS3,Third Term,99.34
ATT658,STD074,SS1,First Term,86.84
ATT659,STD074,SS1,Second Term,82.51
ATT660,STD074,SS1,Third Term,76.38
ATT661,STD074,SS2,First Term,89.69
ATT662,STD074,SS2,Second Term,94.76
ATT663,STD074,SS2,Third Term,84.64
ATT664,STD074,SS3,First Term,87.02
ATT665,STD074,SS3,Second Term,76.82
ATT666,STD074,SS3,Third Term,96.91
ATT667,STD075,SS1,First Term,83.61
ATT668,STD075,SS1,Second Term,89.27
ATT669,STD075,SS1,Third Term,97.26
ATT670,STD075,SS2,First Term,97.64
ATT671,STD075,SS2,Second Term,92.58
ATT672,STD075,SS2,Third Term,94.62
ATT673,STD075,SS3,First Term,83.07
ATT674,STD075,SS3,Second Term,80.03
ATT675,STD075,SS3,Third Term,97.09
ATT676,STD076,SS1,First Term,90.0
ATT677,STD076,SS1,Second Term,99.36
ATT678,STD076,SS1,Third Term,92.03
ATT679,STD076,SS2,First Term,81.04
ATT680,STD076,SS2,Second Term,89.2
ATT681,STD076,SS2,Third Term,96.66
ATT682,STD076,SS3,First Term,79.61
ATT683,STD076,SS3,Second Term,92.16
ATT684,STD076,SS3,Third Term,90.73
ATT685,STD077,SS1,First Term,77.69
ATT686,STD077,SS1,Second Term,96.76
ATT687,STD077,SS1,Third Term,84.14
ATT688,STD077,SS2,First Term,95.21
ATT689,STD077,SS2,Second Term,85.06
ATT690,STD077,SS2,Third Term,95.48
ATT691,STD077,SS3,First Term,78.22
ATT692,STD077,SS3,Second Term,78.91
ATT693,STD077,SS3,Third Term,77.49
ATT694,STD078,SS1,First Term,96.52
ATT695,STD078,SS1,Second Term,85.79
ATT696,STD078,SS1,Third Term,92.74
ATT697,STD078,SS2,First Term,85.14
ATT698,STD078,SS2,Second Term,76.5
ATT699,STD078,SS2,Third Term,98.53
ATT700,STD078,SS3,First Term,96.6
ATT701,STD078,SS3,Second Term,82.07
ATT702,STD078,SS3,Third Term,92.56
ATT703,STD079,SS1,First Term,83.45
ATT704,STD079,SS1,Second Term,86.96
ATT705,STD079,SS1,Third Term,80.55
ATT706,STD079,SS2,First Term,79.14
ATT707,STD079,SS2,Second Term,75.64
ATT708,STD079,SS2,Third Term,82.01
ATT709,STD079,SS3,First Term,94.75
ATT710,STD079,SS3,Second Term,76.95
ATT711,STD079,SS3,Third Term,88.31
ATT712,STD080,SS1,First Term,86.88
ATT713,STD080,SS1,Second Term,98.44
ATT714,STD080,SS1,Third Term,77.46
ATT715,STD080,SS2,First Term,93.82
ATT716,STD080,SS2,Second Term,96.59
ATT717,STD080,SS2,Third Term,79.23
ATT718,STD080,SS3,First Term,85.82
ATT719,STD080,SS3,Second Term,95.6
ATT720,STD080,SS3,Third Term,80.59
ATT721,STD081,SS1,First Term,92.35
ATT722,STD081,SS1,Second Term,77.15
ATT723,STD081,SS1,Third Term,82.09
ATT724,STD081,SS2,First Term,80.37
ATT725,STD081,SS2,Second Term,87.32
ATT726,STD081,SS2,Third Term,84.02
ATT727,STD081,SS3,First Term,90.98
ATT728,STD081,SS3,Second Term,90.82
ATT729,STD081,SS3,Third Term,91.48
ATT730,STD082,SS1,First Term,99.03
ATT731,STD082,SS1,Second Term,90.89
ATT732,STD082,SS1,Third Term,95.66
ATT733,STD082,SS2,First Term,87.75
ATT734,STD082,SS2,Second Term,82.68
ATT735,STD082,SS2,Third Term,77.61
ATT736,STD082,SS3,First Term,78.36
ATT737,STD082,SS3,Second Term,76.66
ATT738,STD082,SS3,Third Term,89.99
ATT739,STD083,SS1,First Term,91.48
ATT740,STD083,SS1,Second Term,92.01
ATT741,STD083,SS1,Third Term,83.75
ATT742,STD083,SS2,First Term,79.84
ATT743,STD083,SS2,Second Term,89.52
ATT744,STD083,SS2,Third Term,90.37
ATT745,STD083,SS3,First Term,94.8
ATT746,STD083,SS3,Second Term,82.98
ATT747,STD083,SS3,Third Term,79.96
ATT748,STD084,SS1,First Term,94.26
ATT749,STD084,SS1,Second Term,96.11
ATT750,STD084,SS1,Third Term,94.87
ATT751,STD084,SS2,First Term,89.71
ATT752,STD084,SS2,Second Term,96.22
ATT753,STD084,SS2,Third Term,77.11
ATT754,STD084,SS3,First Term,89.66
ATT755,STD084,SS3,Second Term,99.03
ATT756,STD084,SS3,Third Term,91.25
ATT757,STD085,SS1,First Term,92.5
ATT758,STD085,SS1,Second Term,84.17
ATT759,STD085,SS1,Third Term,89.64
ATT760,STD085,SS2,First Term,78.38
ATT761,STD085,SS2,Second Term,84.45
ATT762,STD085,SS2,Third Term,86.74
ATT763,STD085,SS3,First Term,77.27
ATT764,STD085,SS3,Second Term,91.11
ATT765,STD085,SS3,Third Term,99.79
ATT766,STD086,SS1,First Term,94.28
ATT767,STD086,SS1,Second Term,82.55
ATT768,STD086,SS1,Third Term,92.96
ATT769,STD086,SS2,First Term,97.97
ATT770,STD086,SS2,Second Term,88.34
ATT771,STD086,SS2,Third Term,82.91
ATT772,STD086,SS3,First Term,96.29
ATT773,STD086,SS3,Second Term,99.07
ATT774,STD086,SS3,Third Term,95.59
ATT775,STD087,SS1,First Term,94.7
ATT776,STD087,SS1,Second Term,96.69
ATT777,STD087,SS1,Third Term,91.86
ATT778,STD087,SS2,First Term,94.13
ATT779,STD087,SS2,Second Term,97.3
ATT780,STD087,SS2,Third Term,87.23
ATT781,STD087,SS3,First Term,90.63
ATT782,STD087,SS3,Second Term,75.39
ATT783,STD087,SS3,Third Term,83.47
ATT784,STD088,SS1,First Term,85.11
ATT785,STD088,SS1,Second Term,77.1
ATT786,STD088,SS1,Third Term,82.34
ATT787,STD088,SS2,First Term,79.08
ATT788,STD088,SS2,Second Term,82.69
ATT789,STD088,SS2,Third Term,96.19
ATT790,STD088,SS3,First Term,80.87
ATT791,STD088,SS3,Second Term,94.96
ATT792,STD088,SS3,Third Term,87.4
ATT793,STD089,SS1,First Term,80.12
ATT794,STD089,SS1,Second Term,94.42
ATT795,STD089,SS1,Third Term,83.35
ATT796,STD089,SS2,First Term,94.5
ATT797,STD089,SS2,Second Term,94.86
ATT798,STD089,SS2,Third Term,89.13
ATT799,STD089,SS3,First Term,95.94
ATT800,STD089,SS3,Second Term,86.23
ATT801,STD089,SS3,Third Term,88.18
ATT802,STD090,SS1,First Term,79.22
ATT803,STD090,SS1,Second Term,79.68
ATT804,STD090,SS1,Third Term,91.58
ATT805,STD090,SS2,First Term,89.27
ATT806,STD090,SS2,Second Term,78.05
ATT807,STD090,SS2,Third Term,99.85
ATT808,STD090,SS3,First Term,98.12
ATT809,STD090,SS3,Second Term,94.76
ATT810,STD090,SS3,Third Term,77.13
ATT811,STD091,SS1,First Term,77.86
ATT812,STD091,SS1,Second Term,88.42
ATT813,STD091,SS1,Third Term,86.83
ATT814,STD091,SS2,First Term,78.77
ATT815,STD091,SS2,Second Term,91.4
ATT816,STD091,SS2,Third Term,98.11
ATT817,STD091,SS3,First Term,76.5
ATT818,STD091,SS3,Second Term,80.69
ATT819,STD091,SS3,Third Term,94.86
ATT820,STD092,SS1,First Term,96.5
ATT821,STD092,SS1,Second Term,94.86
ATT822,STD092,SS1,Third Term,84.92
ATT823,STD092,SS2,First Term,82.55
ATT824,STD092,SS2,Second Term,85.58
ATT825,STD092,SS2,Third Term,84.2
ATT826,STD092,SS3,First Term,79.34
ATT827,STD092,SS3,Second Term,89.26
ATT828,STD092,SS3,Third Term,89.49
ATT829,STD093,SS1,First Term,84.85
ATT830,STD093,SS1,Second Term,84.29
ATT831,STD093,SS1,Third Term,81.21
ATT832,STD093,SS2,First Term,90.97
ATT833,STD093,SS2,Second Term,88.02
ATT834,STD093,SS2,Third Term,92.77
ATT835,STD093,SS3,First Term,95.41
ATT836,STD093,SS3,Second Term,86.4
ATT837,STD093,SS3,Third Term,80.73
ATT838,STD094,SS1,First Term,88.67
ATT839,STD094,SS1,Second Term,94.06
ATT840,STD094,SS1,Third Term,89.38
ATT841,STD094,SS2,First Term,80.11
ATT842,STD094,SS2,Second Term,93.48
ATT843,STD094,SS2,Third Term,95.78
ATT844,STD094,SS3,First Term,76.56
ATT845,STD094,SS3,Second Term,85.51
ATT846,STD094,SS3,Third Term,80.6
ATT847,STD095,SS1,First Term,92.75
ATT848,STD095,SS1,Second Term,90.3
ATT849,STD095,SS1,Third Term,87.54
ATT850,STD095,SS2,First Term,77.11
ATT851,STD095,SS2,Second Term,97.45
ATT852,STD095,SS2,Third Term,78.2
ATT853,STD095,SS3,First Term,85.23
ATT854,STD095,SS3,Second Term,80.41
ATT855,STD095,SS3,Third Term,75.38
ATT856,STD096,SS1,First Term,94.65
ATT857,STD096,SS1,Second Term,88.82
ATT858,STD096,SS1,Third Term,97.23
ATT859,STD096,SS2,First Term,85.03
ATT860,STD096,SS2,Second Term,81.58
ATT861,STD096,SS2,Third Term,75.25
ATT862,STD096,SS3,First Term,79.83
ATT863,STD096,SS3,Second Term,91.55
ATT864,STD096,SS3,Third Term,75.07
ATT865,STD097,SS1,First Term,85.61
ATT866,STD097,SS1,Second Term,91.49
ATT867,STD097,SS1,Third Term,82.84
ATT868,STD097,SS2,First Term,91.12
ATT869,STD097,SS2,Second Term,95.35
ATT870,STD097,SS2,Third Term,75.44
ATT871,STD097,SS3,First Term,86.57
ATT872,STD097,SS3,Second Term,84.28
ATT873,STD097,SS3,Third Term,93.53
ATT874,STD098,SS1,First Term,82.09
ATT875,STD098,SS1,Second Term,78.78
ATT876,STD098,SS1,Third Term,90.88
ATT877,STD098,SS2,First Term,79.7
ATT878,STD098,SS2,Second Term,82.23
ATT879,STD098,SS2,Third Term,89.98
ATT880,STD098,SS3,First Term,97.38
ATT881,STD098,SS3,Second Term,97.28
ATT882,STD098,SS3,Third Term,94.04
ATT883,STD099,SS1,First Term,94.12
ATT884,STD099,SS1,Second Term,77.44
ATT885,STD099,SS1,Third Term,93.01
ATT886,STD099,SS2,First Term,91.26
ATT887,STD099,SS2,Second Term,86.35
ATT888,STD099,SS2,Third Term,94.4
ATT889,STD099,SS3,First Term,91.39
ATT890,STD099,SS3,Second Term,94.18
ATT891,STD099,SS3,Third Term,88.75
ATT892,STD100,SS1,First Term,80.54
ATT893,STD100,SS1,Second Term,88.63
ATT894,STD100,SS1,Third Term,90.74
ATT895,STD100,SS2,First Term,91.38
ATT896,STD100,SS2,Second Term,77.45
ATT897,STD100,SS2,Third Term,97.82
ATT898,STD100,SS3,First Term,75.64
ATT899,STD100,SS3,Second Term,80.68
ATT900,STD100,SS3,Third Term,82.99
ATT901,STD101,SS1,First Term,89.19
ATT902,STD101,SS1,Second Term,90.45
ATT903,STD101,SS1,Third Term,97.39
ATT904,STD101,SS2,First Term,96.98
ATT905,STD101,SS2,Second Term,94.31
ATT906,STD101,SS2,Third Term,89.51
ATT907,STD101,SS3,First Term,88.39
ATT908,STD101,SS3,Second Term,85.25
ATT909,STD101,SS3,Third Term,81.42
ATT910,STD102,SS1,First Term,93.87
ATT911,STD102,SS1,Second Term,98.1
ATT912,STD102,SS1,Third Term,94.97
ATT913,STD102,SS2,First Term,98.0
ATT914,STD102,SS2,Second Term,92.0
ATT915,STD102,SS2,Third Term,76.66
ATT916,STD102,SS3,First Term,97.43
ATT917,STD102,SS3,Second Term,96.83
ATT918,STD102,SS3,Third Term,83.97
ATT919,STD103,SS1,First Term,78.35
ATT920,STD103,SS1,Second Term,82.92
ATT921,STD103,SS1,Third Term,79.31
ATT922,STD103,SS2,First Term,78.55
ATT923,STD103,SS2,Second Term,95.17
ATT924,STD103,SS2,Third Term,95.85
ATT925,STD103,SS3,First Term,80.49
ATT926,STD103,SS3,Second Term,81.05
ATT927,STD103,SS3,Third Term,98.73
ATT928,STD104,SS1,First Term,77.77
ATT929,STD104,SS1,Second Term,82.19
ATT930,STD104,SS1,Third Term,77.45
ATT931,STD104,SS2,First Term,81.79
ATT932,STD104,SS2,Second Term,87.1
ATT933,STD104,SS2,Third Term,98.78
ATT934,STD104,SS3,First Term,90.32
ATT935,STD104,SS3,Second Term,98.03
ATT936,STD104,SS3,Third Term,78.97
ATT937,STD105,SS1,First Term,86.17
ATT938,STD105,SS1,Second Term,88.31
ATT939,STD105,SS1,Third Term,95.01
ATT940,STD105,SS2,First Term,77.14
ATT941,STD105,SS2,Second Term,87.95
ATT942,STD105,SS2,Third Term,77.54
ATT943,STD105,SS3,First Term,82.51
ATT944,STD105,SS3,Second Term,89.8
ATT945,STD105,SS3,Third Term,98.45
ATT946,STD106,SS1,First Term,89.24
ATT947,STD106,SS1,Second Term,75.2
ATT948,STD106,SS1,Third Term,87.65
ATT949,STD106,SS2,First Term,79.72
ATT950,STD106,SS2,Second Term,85.8
ATT951,STD106,SS2,Third Term,89.23
ATT952,STD106,SS3,First Term,94.99
ATT953,STD106,SS3,Second Term,79.84
ATT954,STD106,SS3,Third Term,78.84
ATT955,STD107,SS1,First Term,91.48
ATT956,STD107,SS1,Second Term,86.72
ATT957,STD107,SS1,Third Term,90.84
ATT958,STD107,SS2,First Term,95.72
ATT959,STD107,SS2,Second Term,94.91
ATT960,STD107,SS2,Third Term,91.14
ATT961,STD107,SS3,First Term,75.26
ATT962,STD107,SS3,Second Term,75.48
ATT963,STD107,SS3,Third Term,79.98
ATT964,STD108,SS1,First Term,88.78
ATT965,STD108,SS1,Second Term,77.33
ATT966,STD108,SS1,Third Term,96.72
ATT967,STD108,SS2,First Term,95.99
ATT968,STD108,SS2,Second Term,86.67
ATT969,STD108,SS2,Third Term,78.5
ATT970,STD108,SS3,First Term,89.07
ATT971,STD108,SS3,Second Term,87.81
ATT972,STD108,SS3,Third Term,95.54
ATT973,STD109,SS1,First Term,89.93
ATT974,STD109,SS1,Second Term,88.77
ATT975,STD109,SS1,Third Term,95.38
ATT976,STD109,SS2,First Term,75.58
ATT977,STD109,SS2,Second Term,83.05
ATT978,STD109,SS2,Third Term,97.17
ATT979,STD109,SS3,First Term,98.75
ATT980,STD109,SS3,Second Term,76.21
ATT981,STD109,SS3,Third Term,86.71
ATT982,STD110,SS1,First Term,92.14
ATT983,STD110,SS1,Second Term,78.12
ATT984,STD110,SS1,Third Term,75.56
ATT985,STD110,SS2,First Term,86.33
ATT986,STD110,SS2,Second Term,99.48
ATT987,STD110,SS2,Third Term,98.0
ATT988,STD110,SS3,First Term,90.55
ATT989,STD110,SS3,Second Term,77.15
ATT990,STD110,SS3,Third Term,95.68
ATT991,STD111,SS1,First Term,91.75
ATT992,STD111,SS1,Second Term,94.27
ATT993,STD111,SS1,Third Term,88.32
ATT994,STD111,SS2,First Term,93.37
ATT995,STD111,SS2,Second Term,93.07
ATT996,STD111,SS2,Third Term,88.18
ATT997,STD111,SS3,First Term,89.64
ATT998,STD111,SS3,Second Term,92.9
ATT999,STD111,SS3,Third Term,82.16
ATT1000,STD112,SS1,First Term,75.47
ATT1001,STD112,SS1,Second Term,75.68
ATT1002,STD112,SS1,Third Term,99.53
ATT1003,STD112,SS2,First Term,84.32
ATT1004,STD112,SS2,Second Term,81.57
ATT1005,STD112,SS2,Third Term,83.93
ATT1006,STD112,SS3,First Term,87.11
ATT1007,STD112,SS3,Second Term,76.27
ATT1008,STD112,SS3,Third Term,89.78
ATT1009,STD113,SS1,First Term,77.25
ATT1010,STD113,SS1,Second Term,79.55
ATT1011,STD113,SS1,Third Term,78.0
ATT1012,STD113,SS2,First Term,86.8
ATT1013,STD113,SS2,Second Term,77.53
ATT1014,STD113,SS2,Third Term,96.75
ATT1015,STD113,SS3,First Term,82.43
ATT1016,STD113,SS3,Second Term,83.28
ATT1017,STD113,SS3,Third Term,92.99
ATT1018,STD114,SS1,First Term,76.31
ATT1019,STD114,SS1,Second Term,81.9
ATT1020,STD114,SS1,Third Term,88.96
ATT1021,STD114,SS2,First Term,95.04
ATT1022,STD114,SS2,Second Term,84.74
ATT1023,STD114,SS2,Third Term,79.51
ATT1024,STD114,SS3,First Term,94.2
ATT1025,STD114,SS3,Second Term,82.96
ATT1026,STD114,SS3,Third Term,88.61
ATT1027,STD115,SS1,First Term,75.61
ATT1028,STD115,SS1,Second Term,88.58
ATT1029,STD115,SS1,Third Term,94.13
ATT1030,STD115,SS2,First Term,77.12
ATT1031,STD115,SS2,Second Term,90.61
ATT1032,STD115,SS2,Third Term,90.93
ATT1033,STD115,SS3,First Term,91.52
ATT1034,STD115,SS3,Second Term,89.56
ATT1035,STD115,SS3,Third Term,80.57
ATT1036,STD116,SS1,First Term,99.18
ATT1037,STD116,SS1,Second Term,83.76
ATT1038,STD116,SS1,Third Term,78.37
ATT1039,STD116,SS2,First Term,77.09
ATT1040,STD116,SS2,Second Term,85.82
ATT1041,STD116,SS2,Third Term,89.66
ATT1042,STD116,SS3,First Term,82.21
ATT1043,STD116,SS3,Second Term,78.31
ATT1044,STD116,SS3,Third Term,86.73
ATT1045,STD117,SS1,First Term,91.47
ATT1046,STD117,SS1,Second Term,76.21
ATT1047,STD117,SS1,Third Term,93.11
ATT1048,STD117,SS2,First Term,94.25
ATT1049,STD117,SS2,Second Term,99.67
ATT1050,STD117,SS2,Third Term,81.62
ATT1051,STD117,SS3,First Term,99.71
ATT1052,STD117,SS3,Second Term,83.54
ATT1053,STD117,SS3,Third Term,99.72
ATT1054,STD118,SS1,First Term,94.78
ATT1055,STD118,SS1,Second Term,77.07
ATT1056,STD118,SS1,Third Term,92.08
ATT1057,STD118,SS2,First Term,91.16
ATT1058,STD118,SS2,Second Term,85.61
ATT1059,STD118,SS2,Third Term,79.01
ATT1060,STD118,SS3,First Term,86.38
ATT1061,STD118,SS3,Second Term,97.24
ATT1062,STD118,SS3,Third Term,84.87
ATT1063,STD119,SS1,First Term,90.55
ATT1064,STD119,SS1,Second Term,99.86
ATT1065,STD119,SS1,Third Term,80.28
ATT1066,STD119,SS2,First Term,81.11
ATT1067,STD119,SS2,Second Term,80.02
ATT1068,STD119,SS2,Third Term,94.16
ATT1069,STD119,SS3,First Term,95.18
ATT1070,STD119,SS3,Second Term,75.66
ATT1071,STD119,SS3,Third Term,86.08
ATT1072,STD120,SS1,First Term,78.45
ATT1073,STD120,SS1,Second Term,99.23
ATT1074,STD120,SS1,Third Term,77.09
ATT1075,STD120,SS2,First Term,77.63
ATT1076,STD120,SS2,Second Term,76.29
ATT1077,STD120,SS2,Third Term,75.89
ATT1078,STD120,SS3,First Term,90.76
ATT1079,STD120,SS3,Second Term,76.79
ATT1080,STD120,SS3,Third Term,90.43
ATT1081,STD121,SS1,First Term,76.75
ATT1082,STD121,SS1,Second Term,98.96
ATT1083,STD121,SS1,Third Term,78.14
ATT1084,STD121,SS2,First Term,94.11
ATT1085,STD121,SS2,Second Term,76.71
ATT1086,STD121,SS2,Third Term,81.08
ATT1087,STD121,SS3,First Term,94.05
ATT1088,STD121,SS3,Second Term,97.52
ATT1089,STD121,SS3,Third Term,86.72
ATT1090,STD122,SS1,First Term,84.41
ATT1091,STD122,SS1,Second Term,84.83
ATT1092,STD122,SS1,Third Term,97.38
ATT1093,STD122,SS2,First Term,79.76
ATT1094,STD122,SS2,Second Term,93.16
ATT1095,STD122,SS2,Third Term,87.85
ATT1096,STD122,SS3,First Term,99.49
ATT1097,STD122,SS3,Second Term,83.38
ATT1098,STD122,SS3,Third Term,93.39
ATT1099,STD123,SS1,First Term,92.95
ATT1100,STD123,SS1,Second Term,83.69
ATT1101,STD123,SS1,Third Term,82.17
ATT1102,STD123,SS2,First Term,97.5
ATT1103,STD123,SS2,Second Term,87.69
ATT1104,STD123,SS2,Third Term,75.55
ATT1105,STD123,SS3,First Term,77.04
ATT1106,STD123,SS3,Second Term,91.76
ATT1107,STD123,SS3,Third Term,77.43
ATT1108,STD124,SS1,First Term,84.83
ATT1109,STD124,SS1,Second Term,80.96
ATT1110,STD124,SS1,Third Term,88.59
ATT1111,STD124,SS2,First Term,98.3
ATT1112,STD124,SS2,Second Term,78.18
ATT1113,STD124,SS2,Third Term,95.24
ATT1114,STD124,SS3,First Term,75.41
ATT1115,STD124,SS3,Second Term,77.13
ATT1116,STD124,SS3,Third Term,92.38
ATT1117,STD125,SS1,First Term,81.71
ATT1118,STD125,SS1,Second Term,92.97
ATT1119,STD125,SS1,Third Term,94.52
ATT1120,STD125,SS2,First Term,97.82
ATT1121,STD125,SS2,Second Term,79.62
ATT1122,STD125,SS2,Third Term,86.41
ATT1123,STD125,SS3,First Term,89.3
ATT1124,STD125,SS3,Second Term,80.34
ATT1125,STD125,SS3,Third Term,79.54
ATT1126,STD126,SS1,First Term,92.23
ATT1127,STD126,SS1,Second Term,79.71
ATT1128,STD126,SS1,Third Term,90.35
ATT1129,STD126,SS2,First Term,81.93
ATT1130,STD126,SS2,Second Term,97.48
ATT1131,STD126,SS2,Third Term,96.57
ATT1132,STD126,SS3,First Term,99.67
ATT1133,STD126,SS3,Second Term,98.98
ATT1134,STD126,SS3,Third Term,82.39
ATT1135,STD127,SS1,First Term,80.55
ATT1136,STD127,SS1,Second Term,80.98
ATT1137,STD127,SS1,Third Term,81.99
ATT1138,STD127,SS2,First Term,91.3
ATT1139,STD127,SS2,Second Term,84.44
ATT1140,STD127,SS2,Third Term,99.34
ATT1141,STD127,SS3,First Term,95.82
ATT1142,STD127,SS3,Second Term,86.66
ATT1143,STD127,SS3,Third Term,90.58
ATT1144,STD128,SS1,First Term,98.17
ATT1145,STD128,SS1,Second Term,90.48
ATT1146,STD128,SS1,Third Term,88.92
ATT1147,STD128,SS2,First Term,93.76
ATT1148,STD128,SS2,Second Term,83.21
ATT1149,STD128,SS2,Third Term,78.67
ATT1150,STD128,SS3,First Term,97.29
ATT1151,STD128,SS3,Second Term,92.15
ATT1152,STD128,SS3,Third Term,77.68
ATT1153,STD129,SS1,First Term,95.32
ATT1154,STD129,SS1,Second Term,76.66
ATT1155,STD129,SS1,Third Term,81.48
ATT1156,STD129,SS2,First Term,77.93
ATT1157,STD129,SS2,Second Term,80.15
ATT1158,STD129,SS2,Third Term,77.13
ATT1159,STD129,SS3,First Term,87.27
ATT1160,STD129,SS3,Second Term,97.16
ATT1161,STD129,SS3,Third Term,98.99
ATT1162,STD130,SS1,First Term,87.24
ATT1163,STD130,SS1,Second Term,95.32
ATT1164,STD130,SS1,Third Term,88.93
ATT1165,STD130,SS2,First Term,86.3
ATT1166,STD130,SS2,Second Term,98.14
ATT1167,STD130,SS2,Third Term,80.24
ATT1168,STD130,SS3,First Term,77.95
ATT1169,STD130,SS3,Second Term,77.8
ATT1170,STD130,SS3,Third Term,99.05
ATT1171,STD131,SS1,First Term,88.98
ATT1172,STD131,SS1,Second Term,98.87
ATT1173,STD131,SS1,Third Term,78.24
ATT1174,STD131,SS2,First Term,77.93
ATT1175,STD131,SS2,Second Term,85.46
ATT1176,STD131,SS2,Third Term,92.32
ATT1177,STD131,SS3,First Term,81.77
ATT1178,STD131,SS3,Second Term,99.97
ATT1179,STD131,SS3,Third Term,82.93
ATT1180,STD132,SS1,First Term,87.94
ATT1181,STD132,SS1,Second Term,92.46
ATT1182,STD132,SS1,Third Term,84.08
ATT1183,STD132,SS2,First Term,75.77
ATT1184,STD132,SS2,Second Term,79.84
ATT1185,STD132,SS2,Third Term,87.39
ATT1186,STD132,SS3,First Term,90.01
ATT1187,STD132,SS3,Second Term,90.7
ATT1188,STD132,SS3,Third Term,87.5
ATT1189,STD133,SS1,First Term,84.74
ATT1190,STD133,SS1,Second Term,86.86
ATT1191,STD133,SS1,Third Term,98.09
ATT1192,STD133,SS2,First Term,90.45
ATT1193,STD133,SS2,Second Term,89.28
ATT1194,STD133,SS2,Third Term,88.89
ATT1195,STD133,SS3,First Term,86.29
ATT1196,STD133,SS3,Second Term,83.16
ATT1197,STD133,SS3,Third Term,78.19
ATT1198,STD134,SS1,First Term,88.04
ATT1199,STD134,SS1,Second Term,92.33
ATT1200,STD134,SS1,Third Term,75.04
ATT1201,STD134,SS2,First Term,86.01
ATT1202,STD134,SS2,Second Term,94.89
ATT1203,STD134,SS2,Third Term,94.72
ATT1204,STD134,SS3,First Term,92.6
ATT1205,STD134,SS3,Second Term,98.57
ATT1206,STD134,SS3,Third Term,84.07
ATT1207,STD135,SS1,First Term,80.26
ATT1208,STD135,SS1,Second Term,95.35
ATT1209,STD135,SS1,Third Term,79.73
ATT1210,STD135,SS2,First Term,91.63
ATT1211,STD135,SS2,Second Term,92.21
ATT1212,STD135,SS2,Third Term,76.72
ATT1213,STD135,SS3,First Term,80.76
ATT1214,STD135,SS3,Second Term,80.82
ATT1215,STD135,SS3,Third Term,91.57
ATT1216,STD136,SS1,First Term,88.72
ATT1217,STD136,SS1,Second Term,87.56
ATT1218,STD136,SS1,Third Term,79.1
ATT1219,STD136,SS2,First Term,78.51
ATT1220,STD136,SS2,Second Term,94.96
ATT1221,STD136,SS2,Third Term,95.91
ATT1222,STD136,SS3,First Term,95.6
ATT1223,STD136,SS3,Second Term,99.8
ATT1224,STD136,SS3,Third Term,99.85
ATT1225,STD137,SS1,First Term,83.38
ATT1226,STD137,SS1,Second Term,92.67
ATT1227,STD137,SS1,Third Term,98.64
ATT1228,STD137,SS2,First Term,91.76
ATT1229,STD137,SS2,Second Term,82.06
ATT1230,STD137,SS2,Third Term,84.23
ATT1231,STD137,SS3,First Term,86.32
ATT1232,STD137,SS3,Second Term,99.1
ATT1233,STD137,SS3,Third Term,98.64
ATT1234,STD138,SS1,First Term,89.07
ATT1235,STD138,SS1,Second Term,89.71
ATT1236,STD138,SS1,Third Term,81.64
ATT1237,STD138,SS2,First Term,80.39
ATT1238,STD138,SS2,Second Term,98.82
ATT1239,STD138,SS2,Third Term,97.23
ATT1240,STD138,SS3,First Term,90.33
ATT1241,STD138,SS3,Second Term,75.35
ATT1242,STD138,SS3,Third Term,81.22
ATT1243,STD139,SS1,First Term,81.01
ATT1244,STD139,SS1,Second Term,79.52
ATT1245,STD139,SS1,Third Term,88.4
ATT1246,STD139,SS2,First Term,76.76
ATT1247,STD139,SS2,Second Term,79.32
ATT1248,STD139,SS2,Third Term,79.25
ATT1249,STD139,SS3,First Term,76.62
ATT1250,STD139,SS3,Second Term,97.78
ATT1251,STD139,SS3,Third Term,82.35
ATT1252,STD140,SS1,First Term,94.17
ATT1253,STD140,SS1,Second Term,92.46
ATT1254,STD140,SS1,Third Term,80.79
ATT1255,STD140,SS2,First Term,91.79
ATT1256,STD140,SS2,Second Term,75.28
ATT1257,STD140,SS2,Third Term,84.49
ATT1258,STD140,SS3,First Term,82.61
ATT1259,STD140,SS3,Second Term,97.26
ATT1260,STD140,SS3,Third Term,81.58
ATT1261,STD141,SS1,First Term,94.93
ATT1262,STD141,SS1,Second Term,80.8
ATT1263,STD141,SS1,Third Term,88.96
ATT1264,STD141,SS2,First Term,86.8
ATT1265,STD141,SS2,Second Term,96.49
ATT1266,STD141,SS2,Third Term,81.06
ATT1267,STD141,SS3,First Term,88.23
ATT1268,STD141,SS3,Second Term,75.01
ATT1269,STD141,SS3,Third Term,97.91
ATT1270,STD142,SS1,First Term,92.24
ATT1271,STD142,SS1,Second Term,89.05
ATT1272,STD142,SS1,Third Term,76.96
ATT1273,STD142,SS2,First Term,86.08
ATT1274,STD142,SS2,Second Term,76.87
ATT1275,STD142,SS2,Third Term,98.2
ATT1276,STD142,SS3,First Term,81.29
ATT1277,STD142,SS3,Second Term,91.14
ATT1278,STD142,SS3,Third Term,96.54
ATT1279,STD143,SS1,First Term,87.18
ATT1280,STD143,SS1,Second Term,77.47
ATT1281,STD143,SS1,Third Term,95.07
ATT1282,STD143,SS2,First Term,96.92
ATT1283,STD143,SS2,Second Term,78.37
ATT1284,STD143,SS2,Third Term,84.32
ATT1285,STD143,SS3,First Term,82.23
ATT1286,STD143,SS3,Second Term,75.81
ATT1287,STD143,SS3,Third Term,86.89
ATT1288,STD144,SS1,First Term,99.61
ATT1289,STD144,SS1,Second Term,93.39
ATT1290,STD144,SS1,Third Term,90.39
ATT1291,STD144,SS2,First Term,78.46
ATT1292,STD144,SS2,Second Term,92.84
ATT1293,STD144,SS2,Third Term,79.91
ATT1294,STD144,SS3,First Term,87.64
ATT1295,STD144,SS3,Second Term,85.41
ATT1296,STD144,SS3,Third Term,91.5
ATT1297,STD145,SS1,First Term,96.82
ATT1298,STD145,SS1,Second Term,89.76
ATT1299,STD145,SS1,Third Term,99.24
ATT1300,STD145,SS2,First Term,83.85
ATT1301,STD145,SS2,Second Term,78.18
ATT1302,STD145,SS2,Third Term,83.78
ATT1303,STD145,SS3,First Term,98.06
ATT1304,STD145,SS3,Second Term,92.61
ATT1305,STD145,SS3,Third Term,86.56
ATT1306,STD146,SS1,First Term,77.81
ATT1307,STD146,SS1,Second Term,99.67
ATT1308,STD146,SS1,Third Term,82.21
ATT1309,STD146,SS2,First Term,77.49
ATT1310,STD146,SS2,Second Term,80.22
ATT1311,STD146,SS2,Third Term,96.22
ATT1312,STD146,SS3,First Term,97.24
ATT1313,STD146,SS3,Second Term,96.04
ATT1314,STD146,SS3,Third Term,89.74
ATT1315,STD147,SS1,First Term,80.59
ATT1316,STD147,SS1,Second Term,82.64
ATT1317,STD147,SS1,Third Term,79.3
ATT1318,STD147,SS2,First Term,75.99
ATT1319,STD147,SS2,Second Term,95.75
ATT1320,STD147,SS2,Third Term,86.37
ATT1321,STD147,SS3,First Term,78.29
ATT1322,STD147,SS3,Second Term,96.36
ATT1323,STD147,SS3,Third Term,79.24
ATT1324,STD148,SS1,First Term,84.61
ATT1325,STD148,SS1,Second Term,84.07
ATT1326,STD148,SS1,Third Term,84.53
ATT1327,STD148,SS2,First Term,99.82
ATT1328,STD148,SS2,Second Term,85.98
ATT1329,STD148,SS2,Third Term,93.07
ATT1330,STD148,SS3,First Term,78.04
ATT1331,STD148,SS3,Second Term,86.33
ATT1332,STD148,SS3,Third Term,81.28
ATT1333,STD149,SS1,First Term,92.5
ATT1334,STD149,SS1,Second Term,85.49
ATT1335,STD149,SS1,Third Term,97.7
ATT1336,STD149,SS2,First Term,96.07
ATT1337,STD149,SS2,Second Term,92.61
ATT1338,STD149,SS2,Third Term,86.11
ATT1339,STD149,SS3,First Term,75.5
ATT1340,STD149,SS3,Second Term,82.65
ATT1341,STD149,SS3,Third Term,80.43
ATT1342,STD150,SS1,First Term,92.68
ATT1343,STD150,SS1,Second Term,99.45
ATT1344,STD150,SS1,Third Term,92.12
ATT1345,STD150,SS2,First Term,88.64
ATT1346,STD150,SS2,Second Term,83.84
ATT1347,STD150,SS2,Third Term,78.45
ATT1348,STD150,SS3,First Term,98.93
ATT1349,STD150,SS3,Second Term,86.89
ATT1350,STD150,SS3,Third Term,88.59
ATT1351,STD151,SS1,First Term,97.69
ATT1352,STD151,SS1,Second Term,95.5
ATT1353,STD151,SS1,Third Term,82.01
ATT1354,STD151,SS2,First Term,99.75
ATT1355,STD151,SS2,Second Term,88.01
ATT1356,STD151,SS2,Third Term,93.57
ATT1357,STD151,SS3,First Term,91.97
ATT1358,STD151,SS3,Second Term,98.91
ATT1359,STD151,SS3,Third Term,89.62
ATT1360,STD152,SS1,First Term,93.6
ATT1361,STD152,SS1,Second Term,90.18
ATT1362,STD152,SS1,Third Term,90.34
ATT1363,STD152,SS2,First Term,75.4
ATT1364,STD152,SS2,Second Term,91.91
ATT1365,STD152,SS2,Third Term,78.15
ATT1366,STD152,SS3,First Term,84.07
ATT1367,STD152,SS3,Second Term,90.25
ATT1368,STD152,SS3,Third Term,80.83
ATT1369,STD153,SS1,First Term,90.56
ATT1370,STD153,SS1,Second Term,77.53
ATT1371,STD153,SS1,Third Term,90.51
ATT1372,STD153,SS2,First Term,84.06
ATT1373,STD153,SS2,Second Term,85.54
ATT1374,STD153,SS2,Third Term,98.2
ATT1375,STD153,SS3,First Term,92.68
ATT1376,STD153,SS3,Second Term,87.72
ATT1377,STD153,SS3,Third Term,89.18
ATT1378,STD154,SS1,First Term,75.54
ATT1379,STD154,SS1,Second Term,93.17
ATT1380,STD154,SS1,Third Term,82.52
ATT1381,STD154,SS2,First Term,86.46
ATT1382,STD154,SS2,Second Term,94.49
ATT1383,STD154,SS2,Third Term,93.32
ATT1384,STD154,SS3,First Term,91.56
ATT1385,STD154,SS3,Second Term,99.67
ATT1386,STD154,SS3,Third Term,98.54
ATT1387,STD155,SS1,First Term,93.43
ATT1388,STD155,SS1,Second Term,76.92
ATT1389,STD155,SS1,Third Term,90.33
ATT1390,STD155,SS2,First Term,75.49
ATT1391,STD155,SS2,Second Term,91.7
ATT1392,STD155,SS2,Third Term,87.19
ATT1393,STD155,SS3,First Term,83.3
ATT1394,STD155,SS3,Second Term,96.33
ATT1395,STD155,SS3,Third Term,79.06
ATT1396,STD156,SS1,First Term,91.87
ATT1397,STD156,SS1,Second Term,95.98
ATT1398,STD156,SS1,Third Term,85.77
ATT1399,STD156,SS2,First Term,89.02
ATT1400,STD156,SS2,Second Term,91.3
ATT1401,STD156,SS2,Third Term,80.74
ATT1402,STD156,SS3,First Term,94.6
ATT1403,STD156,SS3,Second Term,79.76
ATT1404,STD156,SS3,Third Term,91.63
ATT1405,STD157,SS1,First Term,89.86
ATT1406,STD157,SS1,Second Term,85.45
ATT1407,STD157,SS1,Third Term,87.92
ATT1408,STD157,SS2,First Term,76.45
ATT1409,STD157,SS2,Second Term,96.83
ATT1410,STD157,SS2,Third Term,80.67
ATT1411,STD157,SS3,First Term,84.11
ATT1412,STD157,SS3,Second Term,85.12
ATT1413,STD157,SS3,Third Term,86.53
ATT1414,STD158,SS1,First Term,93.32
ATT1415,STD158,SS1,Second Term,87.89
ATT1416,STD158,SS1,Third Term,90.24
ATT1417,STD158,SS2,First Term,92.68
ATT1418,STD158,SS2,Second Term,85.74
ATT1419,STD158,SS2,Third Term,93.79
ATT1420,STD158,SS3,First Term,83.07
ATT1421,STD158,SS3,Second Term,78.25
ATT1422,STD158,SS3,Third Term,90.16
ATT1423,STD159,SS1,First Term,84.18
ATT1424,STD159,SS1,Second Term,85.84
ATT1425,STD159,SS1,Third Term,80.71
ATT1426,STD159,SS2,First Term,86.37
ATT1427,STD159,SS2,Second Term,97.18
ATT1428,STD159,SS2,Third Term,94.68
ATT1429,STD159,SS3,First Term,99.5
ATT1430,STD159,SS3,Second Term,84.59
ATT1431,STD159,SS3,Third Term,89.39
ATT1432,STD160,SS1,First Term,97.12
ATT1433,STD160,SS1,Second Term,75.96
ATT1434,STD160,SS1,Third Term,85.88
ATT1435,STD160,SS2,First Term,76.58
ATT1436,STD160,SS2,Second Term,90.51
ATT1437,STD160,SS2,Third Term,82.44
ATT1438,STD160,SS3,First Term,87.07
ATT1439,STD160,SS3,Second Term,93.18
ATT1440,STD160,SS3,Third Term,78.32
